<?xml version="1.0"?>
<doc>
    <assembly>
        <name>Microsoft.AspNetCore.SignalR.Client.Core</name>
    </assembly>
    <members>
        <member name="T:Microsoft.AspNetCore.SignalR.Client.HubConnection">
            <summary>
            A connection used to invoke hub methods on a SignalR Server.
            </summary>
            <remarks>
            A <see cref="T:Microsoft.AspNetCore.SignalR.Client.HubConnection"/> should be created using <see cref="T:Microsoft.AspNetCore.SignalR.Client.HubConnectionBuilder"/>.
            Before hub methods can be invoked the connection must be started using <see cref="M:Microsoft.AspNetCore.SignalR.Client.HubConnection.StartAsync(System.Threading.CancellationToken)"/>.
            Clean up a connection using <see cref="M:Microsoft.AspNetCore.SignalR.Client.HubConnection.StopAsync(System.Threading.CancellationToken)"/> or <see cref="M:Microsoft.AspNetCore.SignalR.Client.HubConnection.DisposeAsync"/>.
            </remarks>
        </member>
        <member name="P:Microsoft.AspNetCore.SignalR.Client.HubConnection.ServerTimeout">
            <summary>
            Gets or sets the server timeout interval for the connection. 
            </summary>
            <remarks>
            The client times out if it hasn't heard from the server for `this` long.
            </remarks>
        </member>
        <member name="P:Microsoft.AspNetCore.SignalR.Client.HubConnection.KeepAliveInterval">
            <summary>
            Gets or sets the interval at which the client sends ping messages.
            </summary>
            <remarks>
            Sending any message resets the timer to the start of the interval.
            </remarks>
        </member>
        <member name="P:Microsoft.AspNetCore.SignalR.Client.HubConnection.HandshakeTimeout">
            <summary>
            Gets or sets the timeout for the initial handshake.
            </summary>
        </member>
        <member name="P:Microsoft.AspNetCore.SignalR.Client.HubConnection.State">
            <summary>
            Indicates the state of the <see cref="T:Microsoft.AspNetCore.SignalR.Client.HubConnection"/> to the server.
            </summary>
        </member>
        <member name="M:Microsoft.AspNetCore.SignalR.Client.HubConnection.#ctor(Microsoft.AspNetCore.SignalR.Client.IConnectionFactory,Microsoft.AspNetCore.SignalR.Protocol.IHubProtocol,System.IServiceProvider,Microsoft.Extensions.Logging.ILoggerFactory)">
            <summary>
            Initializes a new instance of the <see cref="T:Microsoft.AspNetCore.SignalR.Client.HubConnection"/> class.
            </summary>
            <param name="connectionFactory">The <see cref="T:Microsoft.AspNetCore.SignalR.Client.IConnectionFactory" /> used to create a connection each time <see cref="M:Microsoft.AspNetCore.SignalR.Client.HubConnection.StartAsync(System.Threading.CancellationToken)" /> is called.</param>
            <param name="protocol">The <see cref="T:Microsoft.AspNetCore.SignalR.Protocol.IHubProtocol" /> used by the connection.</param>
            <param name="serviceProvider">An <see cref="T:System.IServiceProvider"/> containing the services provided to this <see cref="T:Microsoft.AspNetCore.SignalR.Client.HubConnection"/> instance.</param>
            <param name="loggerFactory">The logger factory.</param>
            <remarks>
            The <see cref="T:System.IServiceProvider"/> used to initialize the connection will be disposed when the connection is disposed.
            </remarks>
        </member>
        <member name="M:Microsoft.AspNetCore.SignalR.Client.HubConnection.#ctor(Microsoft.AspNetCore.SignalR.Client.IConnectionFactory,Microsoft.AspNetCore.SignalR.Protocol.IHubProtocol,Microsoft.Extensions.Logging.ILoggerFactory)">
            <summary>
            Initializes a new instance of the <see cref="T:Microsoft.AspNetCore.SignalR.Client.HubConnection"/> class.
            </summary>
            <param name="connectionFactory">The <see cref="T:Microsoft.AspNetCore.SignalR.Client.IConnectionFactory" /> used to create a connection each time <see cref="M:Microsoft.AspNetCore.SignalR.Client.HubConnection.StartAsync(System.Threading.CancellationToken)" /> is called.</param>
            <param name="protocol">The <see cref="T:Microsoft.AspNetCore.SignalR.Protocol.IHubProtocol" /> used by the connection.</param>
            <param name="loggerFactory">The logger factory.</param>
        </member>
        <member name="M:Microsoft.AspNetCore.SignalR.Client.HubConnection.StartAsync(System.Threading.CancellationToken)">
            <summary>
            Starts a connection to the server.
            </summary>
            <param name="cancellationToken">The token to monitor for cancellation requests. The default value is <see cref="P:System.Threading.CancellationToken.None" />.</param>
            <returns>A <see cref="T:System.Threading.Tasks.Task"/> that represents the asynchronous start.</returns>
        </member>
        <member name="M:Microsoft.AspNetCore.SignalR.Client.HubConnection.StopAsync(System.Threading.CancellationToken)">
            <summary>
            Stops a connection to the server.
            </summary>
            <param name="cancellationToken">The token to monitor for cancellation requests. The default value is <see cref="P:System.Threading.CancellationToken.None" />.</param>
            <returns>A <see cref="T:System.Threading.Tasks.Task"/> that represents the asynchronous stop.</returns>
        </member>
        <member name="M:Microsoft.AspNetCore.SignalR.Client.HubConnection.DisposeAsync">
            <summary>
            Disposes the <see cref="T:Microsoft.AspNetCore.SignalR.Client.HubConnection"/>.
            </summary>
            <returns>A <see cref="T:System.Threading.Tasks.Task"/> that represents the asynchronous dispose.</returns>
        </member>
        <member name="M:Microsoft.AspNetCore.SignalR.Client.HubConnection.On(System.String,System.Type[],System.Func{System.Object[],System.Object,System.Threading.Tasks.Task},System.Object)">
            <summary>
            Registers a handler that will be invoked when the hub method with the specified method name is invoked.
            </summary>
            <param name="methodName">The name of the hub method to define.</param>
            <param name="parameterTypes">The parameters types expected by the hub method.</param>
            <param name="handler">The handler that will be raised when the hub method is invoked.</param>
            <param name="state">A state object that will be passed to the handler.</param>
            <returns>A subscription that can be disposed to unsubscribe from the hub method.</returns>
            <remarks>
            This is a low level method for registering a handler. Using an <see cref="T:Microsoft.AspNetCore.SignalR.Client.HubConnectionExtensions"/> <c>On</c> extension method is recommended.
            </remarks>
        </member>
        <member name="M:Microsoft.AspNetCore.SignalR.Client.HubConnection.Remove(System.String)">
            <summary>
            Removes all handlers associated with the method with the specified method name.
            </summary>
            <param name="methodName">The name of the hub method from which handlers are being removed</param>
        </member>
        <member name="M:Microsoft.AspNetCore.SignalR.Client.HubConnection.StreamAsChannelCoreAsync(System.String,System.Type,System.Object[],System.Threading.CancellationToken)">
            <summary>
            Invokes a streaming hub method on the server using the specified method name, return type and arguments.
            </summary>
            <param name="methodName">The name of the server method to invoke.</param>
            <param name="returnType">The return type of the server method.</param>
            <param name="args">The arguments used to invoke the server method.</param>
            <param name="cancellationToken">The token to monitor for cancellation requests. The default value is <see cref="P:System.Threading.CancellationToken.None" />.</param>
            <returns>
            A <see cref="T:System.Threading.Tasks.Task`1"/> that represents the asynchronous invoke.
            The <see cref="P:System.Threading.Tasks.Task`1.Result"/> property returns a <see cref="T:System.Threading.Channels.ChannelReader`1"/> for the streamed hub method values.
            </returns>
            <remarks>
            This is a low level method for invoking a streaming hub method on the server. Using an <see cref="T:Microsoft.AspNetCore.SignalR.Client.HubConnectionExtensions"/> <c>StreamAsChannelAsync</c> extension method is recommended.
            </remarks>
        </member>
        <member name="M:Microsoft.AspNetCore.SignalR.Client.HubConnection.InvokeCoreAsync(System.String,System.Type,System.Object[],System.Threading.CancellationToken)">
            <summary>
            Invokes a hub method on the server using the specified method name, return type and arguments.
            </summary>
            <param name="methodName">The name of the server method to invoke.</param>
            <param name="returnType">The return type of the server method.</param>
            <param name="args">The arguments used to invoke the server method.</param>
            <param name="cancellationToken">The token to monitor for cancellation requests. The default value is <see cref="P:System.Threading.CancellationToken.None" />.</param>
            <returns>
            A <see cref="T:System.Threading.Tasks.Task`1"/> that represents the asynchronous invoke.
            The <see cref="P:System.Threading.Tasks.Task`1.Result"/> property returns an <see cref="T:System.Object"/> for the hub method return value.
            </returns>
            <remarks>
            This is a low level method for invoking a hub method on the server. Using an <see cref="T:Microsoft.AspNetCore.SignalR.Client.HubConnectionExtensions"/> <c>InvokeAsync</c> extension method is recommended.
            </remarks>
        </member>
        <member name="M:Microsoft.AspNetCore.SignalR.Client.HubConnection.SendCoreAsync(System.String,System.Object[],System.Threading.CancellationToken)">
            <summary>
            Invokes a hub method on the server using the specified method name and arguments.
            Does not wait for a response from the receiver.
            </summary>
            <param name="methodName">The name of the server method to invoke.</param>
            <param name="args">The arguments used to invoke the server method.</param>
            <param name="cancellationToken">The token to monitor for cancellation requests. The default value is <see cref="P:System.Threading.CancellationToken.None" />.</param>
            <returns>A <see cref="T:System.Threading.Tasks.Task"/> that represents the asynchronous invoke.</returns>
            <remarks>
            This is a low level method for invoking a hub method on the server. Using an <see cref="T:Microsoft.AspNetCore.SignalR.Client.HubConnectionExtensions"/> <c>SendAsync</c> extension method is recommended.
            </remarks>
        </member>
        <member name="T:Microsoft.AspNetCore.SignalR.Client.HubConnectionBuilder">
            <summary>
            A builder for configuring <see cref="T:Microsoft.AspNetCore.SignalR.Client.HubConnection"/> instances.
            </summary>
        </member>
        <member name="P:Microsoft.AspNetCore.SignalR.Client.HubConnectionBuilder.Services">
            <inheritdoc />
        </member>
        <member name="M:Microsoft.AspNetCore.SignalR.Client.HubConnectionBuilder.#ctor">
            <summary>
            Initializes a new instance of the <see cref="T:Microsoft.AspNetCore.SignalR.Client.HubConnectionBuilder"/> class.
            </summary>
        </member>
        <member name="M:Microsoft.AspNetCore.SignalR.Client.HubConnectionBuilder.Build">
            <inheritdoc />
        </member>
        <member name="M:Microsoft.AspNetCore.SignalR.Client.HubConnectionBuilder.GetHashCode">
            <inheritdoc />
        </member>
        <member name="M:Microsoft.AspNetCore.SignalR.Client.HubConnectionBuilder.Equals(System.Object)">
            <inheritdoc />
        </member>
        <member name="M:Microsoft.AspNetCore.SignalR.Client.HubConnectionBuilder.ToString">
            <inheritdoc />
        </member>
        <member name="T:Microsoft.AspNetCore.SignalR.Client.HubConnectionBuilderExtensions">
            <summary>
            Extension methods for <see cref="T:Microsoft.AspNetCore.SignalR.Client.IHubConnectionBuilder"/>.
            </summary>
        </member>
        <member name="M:Microsoft.AspNetCore.SignalR.Client.HubConnectionBuilderExtensions.ConfigureLogging(Microsoft.AspNetCore.SignalR.Client.IHubConnectionBuilder,System.Action{Microsoft.Extensions.Logging.ILoggingBuilder})">
            <summary>
            Adds a delegate for configuring the provided <see cref="T:Microsoft.Extensions.Logging.ILoggingBuilder"/>. This may be called multiple times.
            </summary>
            <param name="hubConnectionBuilder">The <see cref="T:Microsoft.AspNetCore.SignalR.Client.IHubConnectionBuilder" /> to configure.</param>
            <param name="configureLogging">The delegate that configures the <see cref="T:Microsoft.Extensions.Logging.ILoggingBuilder"/>.</param>
            <returns>The same instance of the <see cref="T:Microsoft.AspNetCore.SignalR.Client.IHubConnectionBuilder"/> for chaining.</returns>
        </member>
        <member name="T:Microsoft.AspNetCore.SignalR.Client.HubConnectionExtensions">
            <summary>
            Extension methods for <see cref="T:Microsoft.AspNetCore.SignalR.Client.HubConnectionExtensions"/>.
            </summary>
            <summary>
            Extension methods for <see cref="T:Microsoft.AspNetCore.SignalR.Client.HubConnectionExtensions"/>.
            </summary>
            <summary>
            Extension methods for <see cref="T:Microsoft.AspNetCore.SignalR.Client.HubConnectionExtensions"/>.
            </summary>
            <summary>
            Extension methods for <see cref="T:Microsoft.AspNetCore.SignalR.Client.HubConnectionExtensions"/>.
            </summary>
            <summary>
            Extension methods for <see cref="T:Microsoft.AspNetCore.SignalR.Client.HubConnectionExtensions"/>.
            </summary>
        </member>
        <member name="M:Microsoft.AspNetCore.SignalR.Client.HubConnectionExtensions.On(Microsoft.AspNetCore.SignalR.Client.HubConnection,System.String,System.Action)">
            <summary>
            Registers a handler that will be invoked when the hub method with the specified method name is invoked.
            </summary>
            <param name="hubConnection">The hub connection.</param>
            <param name="methodName">The name of the hub method to define.</param>
            <param name="handler">The handler that will be raised when the hub method is invoked.</param>
            <returns>A subscription that can be disposed to unsubscribe from the hub method.</returns>
        </member>
        <member name="M:Microsoft.AspNetCore.SignalR.Client.HubConnectionExtensions.On``1(Microsoft.AspNetCore.SignalR.Client.HubConnection,System.String,System.Action{``0})">
            <summary>
            Registers a handler that will be invoked when the hub method with the specified method name is invoked.
            </summary>
            <typeparam name="T1">The first argument type.</typeparam>
            <param name="hubConnection">The hub connection.</param>
            <param name="methodName">The name of the hub method to define.</param>
            <param name="handler">The handler that will be raised when the hub method is invoked.</param>
            <returns>A subscription that can be disposed to unsubscribe from the hub method.</returns>
        </member>
        <member name="M:Microsoft.AspNetCore.SignalR.Client.HubConnectionExtensions.On``2(Microsoft.AspNetCore.SignalR.Client.HubConnection,System.String,System.Action{``0,``1})">
            <summary>
            Registers a handler that will be invoked when the hub method with the specified method name is invoked.
            </summary>
            <typeparam name="T1">The first argument type.</typeparam>
            <typeparam name="T2">The second argument type.</typeparam>
            <param name="hubConnection">The hub connection.</param>
            <param name="methodName">The name of the hub method to define.</param>
            <param name="handler">The handler that will be raised when the hub method is invoked.</param>
            <returns>A subscription that can be disposed to unsubscribe from the hub method.</returns>
        </member>
        <member name="M:Microsoft.AspNetCore.SignalR.Client.HubConnectionExtensions.On``3(Microsoft.AspNetCore.SignalR.Client.HubConnection,System.String,System.Action{``0,``1,``2})">
            <summary>
            Registers a handler that will be invoked when the hub method with the specified method name is invoked.
            </summary>
            <typeparam name="T1">The first argument type.</typeparam>
            <typeparam name="T2">The second argument type.</typeparam>
            <typeparam name="T3">The third argument type.</typeparam>
            <param name="hubConnection">The hub connection.</param>
            <param name="methodName">The name of the hub method to define.</param>
            <param name="handler">The handler that will be raised when the hub method is invoked.</param>
            <returns>A subscription that can be disposed to unsubscribe from the hub method.</returns>
        </member>
        <member name="M:Microsoft.AspNetCore.SignalR.Client.HubConnectionExtensions.On``4(Microsoft.AspNetCore.SignalR.Client.HubConnection,System.String,System.Action{``0,``1,``2,``3})">
            <summary>
            Registers a handler that will be invoked when the hub method with the specified method name is invoked.
            </summary>
            <typeparam name="T1">The first argument type.</typeparam>
            <typeparam name="T2">The second argument type.</typeparam>
            <typeparam name="T3">The third argument type.</typeparam>
            <typeparam name="T4">The fourth argument type.</typeparam>
            <param name="hubConnection">The hub connection.</param>
            <param name="methodName">The name of the hub method to define.</param>
            <param name="handler">The handler that will be raised when the hub method is invoked.</param>
            <returns>A subscription that can be disposed to unsubscribe from the hub method.</returns>
        </member>
        <member name="M:Microsoft.AspNetCore.SignalR.Client.HubConnectionExtensions.On``5(Microsoft.AspNetCore.SignalR.Client.HubConnection,System.String,System.Action{``0,``1,``2,``3,``4})">
            <summary>
            Registers a handler that will be invoked when the hub method with the specified method name is invoked.
            </summary>
            <typeparam name="T1">The first argument type.</typeparam>
            <typeparam name="T2">The second argument type.</typeparam>
            <typeparam name="T3">The third argument type.</typeparam>
            <typeparam name="T4">The fourth argument type.</typeparam>
            <typeparam name="T5">The fifth argument type.</typeparam>
            <param name="hubConnection">The hub connection.</param>
            <param name="methodName">The name of the hub method to define.</param>
            <param name="handler">The handler that will be raised when the hub method is invoked.</param>
            <returns>A subscription that can be disposed to unsubscribe from the hub method.</returns>
        </member>
        <member name="M:Microsoft.AspNetCore.SignalR.Client.HubConnectionExtensions.On``6(Microsoft.AspNetCore.SignalR.Client.HubConnection,System.String,System.Action{``0,``1,``2,``3,``4,``5})">
            <summary>
            Registers a handler that will be invoked when the hub method with the specified method name is invoked.
            </summary>
            <typeparam name="T1">The first argument type.</typeparam>
            <typeparam name="T2">The second argument type.</typeparam>
            <typeparam name="T3">The third argument type.</typeparam>
            <typeparam name="T4">The fourth argument type.</typeparam>
            <typeparam name="T5">The fifth argument type.</typeparam>
            <typeparam name="T6">The sixth argument type.</typeparam>
            <param name="hubConnection">The hub connection.</param>
            <param name="methodName">The name of the hub method to define.</param>
            <param name="handler">The handler that will be raised when the hub method is invoked.</param>
            <returns>A subscription that can be disposed to unsubscribe from the hub method.</returns>
        </member>
        <member name="M:Microsoft.AspNetCore.SignalR.Client.HubConnectionExtensions.On``7(Microsoft.AspNetCore.SignalR.Client.HubConnection,System.String,System.Action{``0,``1,``2,``3,``4,``5,``6})">
            <summary>
            Registers a handler that will be invoked when the hub method with the specified method name is invoked.
            </summary>
            <typeparam name="T1">The first argument type.</typeparam>
            <typeparam name="T2">The second argument type.</typeparam>
            <typeparam name="T3">The third argument type.</typeparam>
            <typeparam name="T4">The fourth argument type.</typeparam>
            <typeparam name="T5">The fifth argument type.</typeparam>
            <typeparam name="T6">The sixth argument type.</typeparam>
            <typeparam name="T7">The seventh argument type.</typeparam>
            <param name="hubConnection">The hub connection.</param>
            <param name="methodName">The name of the hub method to define.</param>
            <param name="handler">The handler that will be raised when the hub method is invoked.</param>
            <returns>A subscription that can be disposed to unsubscribe from the hub method.</returns>
        </member>
        <member name="M:Microsoft.AspNetCore.SignalR.Client.HubConnectionExtensions.On``8(Microsoft.AspNetCore.SignalR.Client.HubConnection,System.String,System.Action{``0,``1,``2,``3,``4,``5,``6,``7})">
            <summary>
            Registers a handler that will be invoked when the hub method with the specified method name is invoked.
            </summary>
            <typeparam name="T1">The first argument type.</typeparam>
            <typeparam name="T2">The second argument type.</typeparam>
            <typeparam name="T3">The third argument type.</typeparam>
            <typeparam name="T4">The fourth argument type.</typeparam>
            <typeparam name="T5">The fifth argument type.</typeparam>
            <typeparam name="T6">The sixth argument type.</typeparam>
            <typeparam name="T7">The seventh argument type.</typeparam>
            <typeparam name="T8">The eighth argument type.</typeparam>
            <param name="hubConnection">The hub connection.</param>
            <param name="methodName">The name of the hub method to define.</param>
            <param name="handler">The handler that will be raised when the hub method is invoked.</param>
            <returns>A subscription that can be disposed to unsubscribe from the hub method.</returns>
        </member>
        <member name="M:Microsoft.AspNetCore.SignalR.Client.HubConnectionExtensions.On(Microsoft.AspNetCore.SignalR.Client.HubConnection,System.String,System.Type[],System.Func{System.Object[],System.Threading.Tasks.Task})">
            <summary>
            Registers a handler that will be invoked when the hub method with the specified method name is invoked.
            </summary>
            <param name="hubConnection">The hub connection.</param>
            <param name="methodName">The name of the hub method to define.</param>
            <param name="parameterTypes">The parameters types expected by the hub method.</param>
            <param name="handler">The handler that will be raised when the hub method is invoked.</param>
            <returns>A subscription that can be disposed to unsubscribe from the hub method.</returns>
        </member>
        <member name="M:Microsoft.AspNetCore.SignalR.Client.HubConnectionExtensions.InvokeAsync(Microsoft.AspNetCore.SignalR.Client.HubConnection,System.String,System.Threading.CancellationToken)">
            <summary>
            Invokes a hub method on the server using the specified method name.
            </summary>
            <param name="hubConnection">The hub connection.</param>
            <param name="methodName">The name of the server method to invoke.</param>
            <param name="cancellationToken">The token to monitor for cancellation requests. The default value is <see cref="P:System.Threading.CancellationToken.None" />.</param>
            <returns>A <see cref="T:System.Threading.Tasks.Task`1"/> that represents the asynchronous invoke.</returns>
        </member>
        <member name="M:Microsoft.AspNetCore.SignalR.Client.HubConnectionExtensions.InvokeAsync(Microsoft.AspNetCore.SignalR.Client.HubConnection,System.String,System.Object,System.Threading.CancellationToken)">
            <summary>
            Invokes a hub method on the server using the specified method name and argument.
            </summary>
            <param name="hubConnection">The hub connection.</param>
            <param name="methodName">The name of the server method to invoke.</param>
            <param name="arg1">The first argument.</param>
            <param name="cancellationToken">The token to monitor for cancellation requests. The default value is <see cref="P:System.Threading.CancellationToken.None" />.</param>
            <returns>A <see cref="T:System.Threading.Tasks.Task"/> that represents the asynchronous invoke.</returns>
        </member>
        <member name="M:Microsoft.AspNetCore.SignalR.Client.HubConnectionExtensions.InvokeAsync(Microsoft.AspNetCore.SignalR.Client.HubConnection,System.String,System.Object,System.Object,System.Threading.CancellationToken)">
            <summary>
            Invokes a hub method on the server using the specified method name and arguments.
            </summary>
            <param name="hubConnection">The hub connection.</param>
            <param name="methodName">The name of the server method to invoke.</param>
            <param name="arg1">The first argument.</param>
            <param name="arg2">The second argument.</param>
            <param name="cancellationToken">The token to monitor for cancellation requests. The default value is <see cref="P:System.Threading.CancellationToken.None" />.</param>
            <returns>A <see cref="T:System.Threading.Tasks.Task"/> that represents the asynchronous invoke.</returns>
        </member>
        <member name="M:Microsoft.AspNetCore.SignalR.Client.HubConnectionExtensions.InvokeAsync(Microsoft.AspNetCore.SignalR.Client.HubConnection,System.String,System.Object,System.Object,System.Object,System.Threading.CancellationToken)">
            <summary>
            Invokes a hub method on the server using the specified method name and arguments.
            </summary>
            <param name="hubConnection">The hub connection.</param>
            <param name="methodName">The name of the server method to invoke.</param>
            <param name="arg1">The first argument.</param>
            <param name="arg2">The second argument.</param>
            <param name="arg3">The third argument.</param>
            <param name="cancellationToken">The token to monitor for cancellation requests. The default value is <see cref="P:System.Threading.CancellationToken.None" />.</param>
            <returns>A <see cref="T:System.Threading.Tasks.Task"/> that represents the asynchronous invoke.</returns>
        </member>
        <member name="M:Microsoft.AspNetCore.SignalR.Client.HubConnectionExtensions.InvokeAsync(Microsoft.AspNetCore.SignalR.Client.HubConnection,System.String,System.Object,System.Object,System.Object,System.Object,System.Threading.CancellationToken)">
            <summary>
            Invokes a hub method on the server using the specified method name and arguments.
            </summary>
            <param name="hubConnection">The hub connection.</param>
            <param name="methodName">The name of the server method to invoke.</param>
            <param name="arg1">The first argument.</param>
            <param name="arg2">The second argument.</param>
            <param name="arg3">The third argument.</param>
            <param name="arg4">The fourth argument.</param>
            <param name="cancellationToken">The token to monitor for cancellation requests. The default value is <see cref="P:System.Threading.CancellationToken.None" />.</param>
            <returns>A <see cref="T:System.Threading.Tasks.Task"/> that represents the asynchronous invoke.</returns>
        </member>
        <member name="M:Microsoft.AspNetCore.SignalR.Client.HubConnectionExtensions.InvokeAsync(Microsoft.AspNetCore.SignalR.Client.HubConnection,System.String,System.Object,System.Object,System.Object,System.Object,System.Object,System.Threading.CancellationToken)">
            <summary>
            Invokes a hub method on the server using the specified method name and arguments.
            </summary>
            <param name="hubConnection">The hub connection.</param>
            <param name="methodName">The name of the server method to invoke.</param>
            <param name="arg1">The first argument.</param>
            <param name="arg2">The second argument.</param>
            <param name="arg3">The third argument.</param>
            <param name="arg4">The fourth argument.</param>
            <param name="arg5">The fifth argument.</param>
            <param name="cancellationToken">The token to monitor for cancellation requests. The default value is <see cref="P:System.Threading.CancellationToken.None" />.</param>
            <returns>A <see cref="T:System.Threading.Tasks.Task"/> that represents the asynchronous invoke.</returns>
        </member>
        <member name="M:Microsoft.AspNetCore.SignalR.Client.HubConnectionExtensions.InvokeAsync(Microsoft.AspNetCore.SignalR.Client.HubConnection,System.String,System.Object,System.Object,System.Object,System.Object,System.Object,System.Object,System.Threading.CancellationToken)">
            <summary>
            Invokes a hub method on the server using the specified method name and arguments.
            </summary>
            <param name="hubConnection">The hub connection.</param>
            <param name="methodName">The name of the server method to invoke.</param>
            <param name="arg1">The first argument.</param>
            <param name="arg2">The second argument.</param>
            <param name="arg3">The third argument.</param>
            <param name="arg4">The fourth argument.</param>
            <param name="arg5">The fifth argument.</param>
            <param name="arg6">The sixth argument.</param>
            <param name="cancellationToken">The token to monitor for cancellation requests. The default value is <see cref="P:System.Threading.CancellationToken.None" />.</param>
            <returns>A <see cref="T:System.Threading.Tasks.Task"/> that represents the asynchronous invoke.</returns>
        </member>
        <member name="M:Microsoft.AspNetCore.SignalR.Client.HubConnectionExtensions.InvokeAsync(Microsoft.AspNetCore.SignalR.Client.HubConnection,System.String,System.Object,System.Object,System.Object,System.Object,System.Object,System.Object,System.Object,System.Threading.CancellationToken)">
            <summary>
            Invokes a hub method on the server using the specified method name and arguments.
            </summary>
            <param name="hubConnection">The hub connection.</param>
            <param name="methodName">The name of the server method to invoke.</param>
            <param name="arg1">The first argument.</param>
            <param name="arg2">The second argument.</param>
            <param name="arg3">The third argument.</param>
            <param name="arg4">The fourth argument.</param>
            <param name="arg5">The fifth argument.</param>
            <param name="arg6">The sixth argument.</param>
            <param name="arg7">The seventh argument.</param>
            <param name="cancellationToken">The token to monitor for cancellation requests. The default value is <see cref="P:System.Threading.CancellationToken.None" />.</param>
            <returns>A <see cref="T:System.Threading.Tasks.Task"/> that represents the asynchronous invoke.</returns>
        </member>
        <member name="M:Microsoft.AspNetCore.SignalR.Client.HubConnectionExtensions.InvokeAsync(Microsoft.AspNetCore.SignalR.Client.HubConnection,System.String,System.Object,System.Object,System.Object,System.Object,System.Object,System.Object,System.Object,System.Object,System.Threading.CancellationToken)">
            <summary>
            Invokes a hub method on the server using the specified method name and arguments.
            </summary>
            <param name="hubConnection">The hub connection.</param>
            <param name="methodName">The name of the server method to invoke.</param>
            <param name="arg1">The first argument.</param>
            <param name="arg2">The second argument.</param>
            <param name="arg3">The third argument.</param>
            <param name="arg4">The fourth argument.</param>
            <param name="arg5">The fifth argument.</param>
            <param name="arg6">The sixth argument.</param>
            <param name="arg7">The seventh argument.</param>
            <param name="arg8">The eighth argument.</param>
            <param name="cancellationToken">The token to monitor for cancellation requests. The default value is <see cref="P:System.Threading.CancellationToken.None" />.</param>
            <returns>A <see cref="T:System.Threading.Tasks.Task"/> that represents the asynchronous invoke.</returns>
        </member>
        <member name="M:Microsoft.AspNetCore.SignalR.Client.HubConnectionExtensions.InvokeAsync(Microsoft.AspNetCore.SignalR.Client.HubConnection,System.String,System.Object,System.Object,System.Object,System.Object,System.Object,System.Object,System.Object,System.Object,System.Object,System.Threading.CancellationToken)">
            <summary>
            Invokes a hub method on the server using the specified method name and arguments.
            </summary>
            <param name="hubConnection">The hub connection.</param>
            <param name="methodName">The name of the server method to invoke.</param>
            <param name="arg1">The first argument.</param>
            <param name="arg2">The second argument.</param>
            <param name="arg3">The third argument.</param>
            <param name="arg4">The fourth argument.</param>
            <param name="arg5">The fifth argument.</param>
            <param name="arg6">The sixth argument.</param>
            <param name="arg7">The seventh argument.</param>
            <param name="arg8">The eighth argument.</param>
            <param name="arg9">The ninth argument.</param>
            <param name="cancellationToken">The token to monitor for cancellation requests. The default value is <see cref="P:System.Threading.CancellationToken.None" />.</param>
            <returns>A <see cref="T:System.Threading.Tasks.Task"/> that represents the asynchronous invoke.</returns>
        </member>
        <member name="M:Microsoft.AspNetCore.SignalR.Client.HubConnectionExtensions.InvokeAsync(Microsoft.AspNetCore.SignalR.Client.HubConnection,System.String,System.Object,System.Object,System.Object,System.Object,System.Object,System.Object,System.Object,System.Object,System.Object,System.Object,System.Threading.CancellationToken)">
            <summary>
            Invokes a hub method on the server using the specified method name and arguments.
            </summary>
            <param name="hubConnection">The hub connection.</param>
            <param name="methodName">The name of the server method to invoke.</param>
            <param name="arg1">The first argument.</param>
            <param name="arg2">The second argument.</param>
            <param name="arg3">The third argument.</param>
            <param name="arg4">The fourth argument.</param>
            <param name="arg5">The fifth argument.</param>
            <param name="arg6">The sixth argument.</param>
            <param name="arg7">The seventh argument.</param>
            <param name="arg8">The eighth argument.</param>
            <param name="arg9">The ninth argument.</param>
            <param name="arg10">The tenth argument.</param>
            <param name="cancellationToken">The token to monitor for cancellation requests. The default value is <see cref="P:System.Threading.CancellationToken.None" />.</param>
            <returns>A <see cref="T:System.Threading.Tasks.Task"/> that represents the asynchronous invoke.</returns>
        </member>
        <member name="M:Microsoft.AspNetCore.SignalR.Client.HubConnectionExtensions.InvokeCoreAsync(Microsoft.AspNetCore.SignalR.Client.HubConnection,System.String,System.Object[],System.Threading.CancellationToken)">
            <summary>
            Invokes a hub method on the server using the specified method name and arguments.
            </summary>
            <param name="hubConnection">The hub connection.</param>
            <param name="methodName">The name of the server method to invoke.</param>
            <param name="args">The arguments used to invoke the server method.</param>
            <param name="cancellationToken">The token to monitor for cancellation requests. The default value is <see cref="P:System.Threading.CancellationToken.None" />.</param>
            <returns>A <see cref="T:System.Threading.Tasks.Task"/> that represents the asynchronous invoke.</returns>
        </member>
        <member name="M:Microsoft.AspNetCore.SignalR.Client.HubConnectionExtensions.InvokeAsync``1(Microsoft.AspNetCore.SignalR.Client.HubConnection,System.String,System.Threading.CancellationToken)">
            <summary>
            Invokes a hub method on the server using the specified method name.
            </summary>
            <typeparam name="TResult">The return type of the server method.</typeparam>
            <param name="hubConnection">The hub connection.</param>
            <param name="methodName">The name of the server method to invoke.</param>
            <param name="cancellationToken">The token to monitor for cancellation requests. The default value is <see cref="P:System.Threading.CancellationToken.None" />.</param>
            <returns>
            A <see cref="T:System.Threading.Tasks.Task`1"/> that represents the asynchronous invoke.
            The <see cref="P:System.Threading.Tasks.Task`1.Result"/> property returns a <typeparamref name="TResult"/> for the hub method return value.
            </returns>
        </member>
        <member name="M:Microsoft.AspNetCore.SignalR.Client.HubConnectionExtensions.InvokeAsync``1(Microsoft.AspNetCore.SignalR.Client.HubConnection,System.String,System.Object,System.Threading.CancellationToken)">
            <summary>
            Invokes a hub method on the server using the specified method name and argument.
            </summary>
            <typeparam name="TResult">The return type of the server method.</typeparam>
            <param name="hubConnection">The hub connection.</param>
            <param name="methodName">The name of the server method to invoke.</param>
            <param name="arg1">The first argument.</param>
            <param name="cancellationToken">The token to monitor for cancellation requests. The default value is <see cref="P:System.Threading.CancellationToken.None" />.</param>
            <returns>
            A <see cref="T:System.Threading.Tasks.Task`1"/> that represents the asynchronous invoke.
            The <see cref="P:System.Threading.Tasks.Task`1.Result"/> property returns a <typeparamref name="TResult"/> for the hub method return value.
            </returns>
        </member>
        <member name="M:Microsoft.AspNetCore.SignalR.Client.HubConnectionExtensions.InvokeAsync``1(Microsoft.AspNetCore.SignalR.Client.HubConnection,System.String,System.Object,System.Object,System.Threading.CancellationToken)">
            <summary>
            Invokes a hub method on the server using the specified method name and arguments.
            </summary>
            <typeparam name="TResult">The return type of the server method.</typeparam>
            <param name="hubConnection">The hub connection.</param>
            <param name="methodName">The name of the server method to invoke.</param>
            <param name="arg1">The first argument.</param>
            <param name="arg2">The second argument.</param>
            <param name="cancellationToken">The token to monitor for cancellation requests. The default value is <see cref="P:System.Threading.CancellationToken.None" />.</param>
            <returns>
            A <see cref="T:System.Threading.Tasks.Task`1"/> that represents the asynchronous invoke.
            The <see cref="P:System.Threading.Tasks.Task`1.Result"/> property returns a <typeparamref name="TResult"/> for the hub method return value.
            </returns>
        </member>
        <member name="M:Microsoft.AspNetCore.SignalR.Client.HubConnectionExtensions.InvokeAsync``1(Microsoft.AspNetCore.SignalR.Client.HubConnection,System.String,System.Object,System.Object,System.Object,System.Threading.CancellationToken)">
            <summary>
            Invokes a hub method on the server using the specified method name and arguments.
            </summary>
            <typeparam name="TResult">The return type of the server method.</typeparam>
            <param name="hubConnection">The hub connection.</param>
            <param name="methodName">The name of the server method to invoke.</param>
            <param name="arg1">The first argument.</param>
            <param name="arg2">The second argument.</param>
            <param name="arg3">The third argument.</param>
            <param name="cancellationToken">The token to monitor for cancellation requests. The default value is <see cref="P:System.Threading.CancellationToken.None" />.</param>
            <returns>
            A <see cref="T:System.Threading.Tasks.Task`1"/> that represents the asynchronous invoke.
            The <see cref="P:System.Threading.Tasks.Task`1.Result"/> property returns a <typeparamref name="TResult"/> for the hub method return value.
            </returns>
        </member>
        <member name="M:Microsoft.AspNetCore.SignalR.Client.HubConnectionExtensions.InvokeAsync``1(Microsoft.AspNetCore.SignalR.Client.HubConnection,System.String,System.Object,System.Object,System.Object,System.Object,System.Threading.CancellationToken)">
            <summary>
            Invokes a hub method on the server using the specified method name and arguments.
            </summary>
            <typeparam name="TResult">The return type of the server method.</typeparam>
            <param name="hubConnection">The hub connection.</param>
            <param name="methodName">The name of the server method to invoke.</param>
            <param name="arg1">The first argument.</param>
            <param name="arg2">The second argument.</param>
            <param name="arg3">The third argument.</param>
            <param name="arg4">The fourth argument.</param>
            <param name="cancellationToken">The token to monitor for cancellation requests. The default value is <see cref="P:System.Threading.CancellationToken.None" />.</param>
            <returns>
            A <see cref="T:System.Threading.Tasks.Task`1"/> that represents the asynchronous invoke.
            The <see cref="P:System.Threading.Tasks.Task`1.Result"/> property returns a <typeparamref name="TResult"/> for the hub method return value.
            </returns>
        </member>
        <member name="M:Microsoft.AspNetCore.SignalR.Client.HubConnectionExtensions.InvokeAsync``1(Microsoft.AspNetCore.SignalR.Client.HubConnection,System.String,System.Object,System.Object,System.Object,System.Object,System.Object,System.Threading.CancellationToken)">
            <summary>
            Invokes a hub method on the server using the specified method name and arguments.
            </summary>
            <typeparam name="TResult">The return type of the server method.</typeparam>
            <param name="hubConnection">The hub connection.</param>
            <param name="methodName">The name of the server method to invoke.</param>
            <param name="arg1">The first argument.</param>
            <param name="arg2">The second argument.</param>
            <param name="arg3">The third argument.</param>
            <param name="arg4">The fourth argument.</param>
            <param name="arg5">The fifth argument.</param>
            <param name="cancellationToken">The token to monitor for cancellation requests. The default value is <see cref="P:System.Threading.CancellationToken.None" />.</param>
            <returns>
            A <see cref="T:System.Threading.Tasks.Task`1"/> that represents the asynchronous invoke.
            The <see cref="P:System.Threading.Tasks.Task`1.Result"/> property returns a <typeparamref name="TResult"/> for the hub method return value.
            </returns>
        </member>
        <member name="M:Microsoft.AspNetCore.SignalR.Client.HubConnectionExtensions.InvokeAsync``1(Microsoft.AspNetCore.SignalR.Client.HubConnection,System.String,System.Object,System.Object,System.Object,System.Object,System.Object,System.Object,System.Threading.CancellationToken)">
            <summary>
            Invokes a hub method on the server using the specified method name and arguments.
            </summary>
            <typeparam name="TResult">The return type of the server method.</typeparam>
            <param name="hubConnection">The hub connection.</param>
            <param name="methodName">The name of the server method to invoke.</param>
            <param name="arg1">The first argument.</param>
            <param name="arg2">The second argument.</param>
            <param name="arg3">The third argument.</param>
            <param name="arg4">The fourth argument.</param>
            <param name="arg5">The fifth argument.</param>
            <param name="arg6">The sixth argument.</param>
            <param name="cancellationToken">The token to monitor for cancellation requests. The default value is <see cref="P:System.Threading.CancellationToken.None" />.</param>
            <returns>
            A <see cref="T:System.Threading.Tasks.Task`1"/> that represents the asynchronous invoke.
            The <see cref="P:System.Threading.Tasks.Task`1.Result"/> property returns a <typeparamref name="TResult"/> for the hub method return value.
            </returns>
        </member>
        <member name="M:Microsoft.AspNetCore.SignalR.Client.HubConnectionExtensions.InvokeAsync``1(Microsoft.AspNetCore.SignalR.Client.HubConnection,System.String,System.Object,System.Object,System.Object,System.Object,System.Object,System.Object,System.Object,System.Threading.CancellationToken)">
            <summary>
            Invokes a hub method on the server using the specified method name and arguments.
            </summary>
            <typeparam name="TResult">The return type of the server method.</typeparam>
            <param name="hubConnection">The hub connection.</param>
            <param name="methodName">The name of the server method to invoke.</param>
            <param name="arg1">The first argument.</param>
            <param name="arg2">The second argument.</param>
            <param name="arg3">The third argument.</param>
            <param name="arg4">The fourth argument.</param>
            <param name="arg5">The fifth argument.</param>
            <param name="arg6">The sixth argument.</param>
            <param name="arg7">The seventh argument.</param>
            <param name="cancellationToken">The token to monitor for cancellation requests. The default value is <see cref="P:System.Threading.CancellationToken.None" />.</param>
            <returns>
            A <see cref="T:System.Threading.Tasks.Task`1"/> that represents the asynchronous invoke.
            The <see cref="P:System.Threading.Tasks.Task`1.Result"/> property returns a <typeparamref name="TResult"/> for the hub method return value.
            </returns>
        </member>
        <member name="M:Microsoft.AspNetCore.SignalR.Client.HubConnectionExtensions.InvokeAsync``1(Microsoft.AspNetCore.SignalR.Client.HubConnection,System.String,System.Object,System.Object,System.Object,System.Object,System.Object,System.Object,System.Object,System.Object,System.Threading.CancellationToken)">
            <summary>
            Invokes a hub method on the server using the specified method name and arguments.
            </summary>
            <typeparam name="TResult">The return type of the server method.</typeparam>
            <param name="hubConnection">The hub connection.</param>
            <param name="methodName">The name of the server method to invoke.</param>
            <param name="arg1">The first argument.</param>
            <param name="arg2">The second argument.</param>
            <param name="arg3">The third argument.</param>
            <param name="arg4">The fourth argument.</param>
            <param name="arg5">The fifth argument.</param>
            <param name="arg6">The sixth argument.</param>
            <param name="arg7">The seventh argument.</param>
            <param name="arg8">The eighth argument.</param>
            <param name="cancellationToken">The token to monitor for cancellation requests. The default value is <see cref="P:System.Threading.CancellationToken.None" />.</param>
            <returns>
            A <see cref="T:System.Threading.Tasks.Task`1"/> that represents the asynchronous invoke.
            The <see cref="P:System.Threading.Tasks.Task`1.Result"/> property returns a <typeparamref name="TResult"/> for the hub method return value.
            </returns>
        </member>
        <member name="M:Microsoft.AspNetCore.SignalR.Client.HubConnectionExtensions.InvokeAsync``1(Microsoft.AspNetCore.SignalR.Client.HubConnection,System.String,System.Object,System.Object,System.Object,System.Object,System.Object,System.Object,System.Object,System.Object,System.Object,System.Threading.CancellationToken)">
            <summary>
            Invokes a hub method on the server using the specified method name and arguments.
            </summary>
            <typeparam name="TResult">The return type of the server method.</typeparam>
            <param name="hubConnection">The hub connection.</param>
            <param name="methodName">The name of the server method to invoke.</param>
            <param name="arg1">The first argument.</param>
            <param name="arg2">The second argument.</param>
            <param name="arg3">The third argument.</param>
            <param name="arg4">The fourth argument.</param>
            <param name="arg5">The fifth argument.</param>
            <param name="arg6">The sixth argument.</param>
            <param name="arg7">The seventh argument.</param>
            <param name="arg8">The eighth argument.</param>
            <param name="arg9">The ninth argument.</param>
            <param name="cancellationToken">The token to monitor for cancellation requests. The default value is <see cref="P:System.Threading.CancellationToken.None" />.</param>
            <returns>
            A <see cref="T:System.Threading.Tasks.Task`1"/> that represents the asynchronous invoke.
            The <see cref="P:System.Threading.Tasks.Task`1.Result"/> property returns a <typeparamref name="TResult"/> for the hub method return value.
            </returns>
        </member>
        <member name="M:Microsoft.AspNetCore.SignalR.Client.HubConnectionExtensions.InvokeAsync``1(Microsoft.AspNetCore.SignalR.Client.HubConnection,System.String,System.Object,System.Object,System.Object,System.Object,System.Object,System.Object,System.Object,System.Object,System.Object,System.Object,System.Threading.CancellationToken)">
            <summary>
            Invokes a hub method on the server using the specified method name and arguments.
            </summary>
            <typeparam name="TResult">The return type of the server method.</typeparam>
            <param name="hubConnection">The hub connection.</param>
            <param name="methodName">The name of the server method to invoke.</param>
            <param name="arg1">The first argument.</param>
            <param name="arg2">The second argument.</param>
            <param name="arg3">The third argument.</param>
            <param name="arg4">The fourth argument.</param>
            <param name="arg5">The fifth argument.</param>
            <param name="arg6">The sixth argument.</param>
            <param name="arg7">The seventh argument.</param>
            <param name="arg8">The eighth argument.</param>
            <param name="arg9">The ninth argument.</param>
            <param name="arg10">The tenth argument.</param>
            <param name="cancellationToken">The token to monitor for cancellation requests. The default value is <see cref="P:System.Threading.CancellationToken.None" />.</param>
            <returns>
            A <see cref="T:System.Threading.Tasks.Task`1"/> that represents the asynchronous invoke.
            The <see cref="P:System.Threading.Tasks.Task`1.Result"/> property returns a <typeparamref name="TResult"/> for the hub method return value.
            </returns>
        </member>
        <member name="M:Microsoft.AspNetCore.SignalR.Client.HubConnectionExtensions.InvokeCoreAsync``1(Microsoft.AspNetCore.SignalR.Client.HubConnection,System.String,System.Object[],System.Threading.CancellationToken)">
            <summary>
            Invokes a hub method on the server using the specified method name and arguments.
            </summary>
            <typeparam name="TResult">The return type of the server method.</typeparam>
            <param name="hubConnection">The hub connection.</param>
            <param name="methodName">The name of the server method to invoke.</param>
            <param name="args">The arguments used to invoke the server method.</param>
            <param name="cancellationToken">The token to monitor for cancellation requests. The default value is <see cref="P:System.Threading.CancellationToken.None" />.</param>
            <returns>
            A <see cref="T:System.Threading.Tasks.Task`1"/> that represents the asynchronous invoke.
            The <see cref="P:System.Threading.Tasks.Task`1.Result"/> property returns a <typeparamref name="TResult"/> for the hub method return value.
            </returns>
        </member>
        <member name="M:Microsoft.AspNetCore.SignalR.Client.HubConnectionExtensions.SendAsync(Microsoft.AspNetCore.SignalR.Client.HubConnection,System.String,System.Threading.CancellationToken)">
            <summary>
            Invokes a hub method on the server using the specified method name.
            Does not wait for a response from the receiver.
            </summary>
            <param name="hubConnection">The hub connection.</param>
            <param name="methodName">The name of the server method to invoke.</param>
            <param name="cancellationToken">The token to monitor for cancellation requests. The default value is <see cref="P:System.Threading.CancellationToken.None" />.</param>
            <returns>A <see cref="T:System.Threading.Tasks.Task`1"/> that represents the asynchronous invoke.</returns>
        </member>
        <member name="M:Microsoft.AspNetCore.SignalR.Client.HubConnectionExtensions.SendAsync(Microsoft.AspNetCore.SignalR.Client.HubConnection,System.String,System.Object,System.Threading.CancellationToken)">
            <summary>
            Invokes a hub method on the server using the specified method name and argument.
            Does not wait for a response from the receiver.
            </summary>
            <param name="hubConnection">The hub connection.</param>
            <param name="methodName">The name of the server method to invoke.</param>
            <param name="arg1">The first argument.</param>
            <param name="cancellationToken">The token to monitor for cancellation requests. The default value is <see cref="P:System.Threading.CancellationToken.None" />.</param>
            <returns>A <see cref="T:System.Threading.Tasks.Task`1"/> that represents the asynchronous invoke.</returns>
        </member>
        <member name="M:Microsoft.AspNetCore.SignalR.Client.HubConnectionExtensions.SendAsync(Microsoft.AspNetCore.SignalR.Client.HubConnection,System.String,System.Object,System.Object,System.Threading.CancellationToken)">
            <summary>
            Invokes a hub method on the server using the specified method name and arguments.
            Does not wait for a response from the receiver.
            </summary>
            <param name="hubConnection">The hub connection.</param>
            <param name="methodName">The name of the server method to invoke.</param>
            <param name="arg1">The first argument.</param>
            <param name="arg2">The second argument.</param>
            <param name="cancellationToken">The token to monitor for cancellation requests. The default value is <see cref="P:System.Threading.CancellationToken.None" />.</param>
            <returns>A <see cref="T:System.Threading.Tasks.Task`1"/> that represents the asynchronous invoke.</returns>
        </member>
        <member name="M:Microsoft.AspNetCore.SignalR.Client.HubConnectionExtensions.SendAsync(Microsoft.AspNetCore.SignalR.Client.HubConnection,System.String,System.Object,System.Object,System.Object,System.Threading.CancellationToken)">
            <summary>
            Invokes a hub method on the server using the specified method name and arguments.
            Does not wait for a response from the receiver.
            </summary>
            <param name="hubConnection">The hub connection.</param>
            <param name="methodName">The name of the server method to invoke.</param>
            <param name="arg1">The first argument.</param>
            <param name="arg2">The second argument.</param>
            <param name="arg3">The third argument.</param>
            <param name="cancellationToken">The token to monitor for cancellation requests. The default value is <see cref="P:System.Threading.CancellationToken.None" />.</param>
            <returns>A <see cref="T:System.Threading.Tasks.Task`1"/> that represents the asynchronous invoke.</returns>
        </member>
        <member name="M:Microsoft.AspNetCore.SignalR.Client.HubConnectionExtensions.SendAsync(Microsoft.AspNetCore.SignalR.Client.HubConnection,System.String,System.Object,System.Object,System.Object,System.Object,System.Threading.CancellationToken)">
            <summary>
            Invokes a hub method on the server using the specified method name and arguments.
            Does not wait for a response from the receiver.
            </summary>
            <param name="hubConnection">The hub connection.</param>
            <param name="methodName">The name of the server method to invoke.</param>
            <param name="arg1">The first argument.</param>
            <param name="arg2">The second argument.</param>
            <param name="arg3">The third argument.</param>
            <param name="arg4">The fourth argument.</param>
            <param name="cancellationToken">The token to monitor for cancellation requests. The default value is <see cref="P:System.Threading.CancellationToken.None" />.</param>
            <returns>A <see cref="T:System.Threading.Tasks.Task`1"/> that represents the asynchronous invoke.</returns>
        </member>
        <member name="M:Microsoft.AspNetCore.SignalR.Client.HubConnectionExtensions.SendAsync(Microsoft.AspNetCore.SignalR.Client.HubConnection,System.String,System.Object,System.Object,System.Object,System.Object,System.Object,System.Threading.CancellationToken)">
            <summary>
            Invokes a hub method on the server using the specified method name and arguments.
            Does not wait for a response from the receiver.
            </summary>
            <param name="hubConnection">The hub connection.</param>
            <param name="methodName">The name of the server method to invoke.</param>
            <param name="arg1">The first argument.</param>
            <param name="arg2">The second argument.</param>
            <param name="arg3">The third argument.</param>
            <param name="arg4">The fourth argument.</param>
            <param name="arg5">The fifth argument.</param>
            <param name="cancellationToken">The token to monitor for cancellation requests. The default value is <see cref="P:System.Threading.CancellationToken.None" />.</param>
            <returns>A <see cref="T:System.Threading.Tasks.Task`1"/> that represents the asynchronous invoke.</returns>
        </member>
        <member name="M:Microsoft.AspNetCore.SignalR.Client.HubConnectionExtensions.SendAsync(Microsoft.AspNetCore.SignalR.Client.HubConnection,System.String,System.Object,System.Object,System.Object,System.Object,System.Object,System.Object,System.Threading.CancellationToken)">
            <summary>
            Invokes a hub method on the server using the specified method name and arguments.
            Does not wait for a response from the receiver.
            </summary>
            <param name="hubConnection">The hub connection.</param>
            <param name="methodName">The name of the server method to invoke.</param>
            <param name="arg1">The first argument.</param>
            <param name="arg2">The second argument.</param>
            <param name="arg3">The third argument.</param>
            <param name="arg4">The fourth argument.</param>
            <param name="arg5">The fifth argument.</param>
            <param name="arg6">The sixth argument.</param>
            <param name="cancellationToken">The token to monitor for cancellation requests. The default value is <see cref="P:System.Threading.CancellationToken.None" />.</param>
            <returns>A <see cref="T:System.Threading.Tasks.Task`1"/> that represents the asynchronous invoke.</returns>
        </member>
        <member name="M:Microsoft.AspNetCore.SignalR.Client.HubConnectionExtensions.SendAsync(Microsoft.AspNetCore.SignalR.Client.HubConnection,System.String,System.Object,System.Object,System.Object,System.Object,System.Object,System.Object,System.Object,System.Threading.CancellationToken)">
            <summary>
            Invokes a hub method on the server using the specified method name and arguments.
            Does not wait for a response from the receiver.
            </summary>
            <param name="hubConnection">The hub connection.</param>
            <param name="methodName">The name of the server method to invoke.</param>
            <param name="arg1">The first argument.</param>
            <param name="arg2">The second argument.</param>
            <param name="arg3">The third argument.</param>
            <param name="arg4">The fourth argument.</param>
            <param name="arg5">The fifth argument.</param>
            <param name="arg6">The sixth argument.</param>
            <param name="arg7">The seventh argument.</param>
            <param name="cancellationToken">The token to monitor for cancellation requests. The default value is <see cref="P:System.Threading.CancellationToken.None" />.</param>
            <returns>A <see cref="T:System.Threading.Tasks.Task`1"/> that represents the asynchronous invoke.</returns>
        </member>
        <member name="M:Microsoft.AspNetCore.SignalR.Client.HubConnectionExtensions.SendAsync(Microsoft.AspNetCore.SignalR.Client.HubConnection,System.String,System.Object,System.Object,System.Object,System.Object,System.Object,System.Object,System.Object,System.Object,System.Threading.CancellationToken)">
            <summary>
            Invokes a hub method on the server using the specified method name and arguments.
            Does not wait for a response from the receiver.
            </summary>
            <param name="hubConnection">The hub connection.</param>
            <param name="methodName">The name of the server method to invoke.</param>
            <param name="arg1">The first argument.</param>
            <param name="arg2">The second argument.</param>
            <param name="arg3">The third argument.</param>
            <param name="arg4">The fourth argument.</param>
            <param name="arg5">The fifth argument.</param>
            <param name="arg6">The sixth argument.</param>
            <param name="arg7">The seventh argument.</param>
            <param name="arg8">The eighth argument.</param>
            <param name="cancellationToken">The token to monitor for cancellation requests. The default value is <see cref="P:System.Threading.CancellationToken.None" />.</param>
            <returns>A <see cref="T:System.Threading.Tasks.Task`1"/> that represents the asynchronous invoke.</returns>
        </member>
        <member name="M:Microsoft.AspNetCore.SignalR.Client.HubConnectionExtensions.SendAsync(Microsoft.AspNetCore.SignalR.Client.HubConnection,System.String,System.Object,System.Object,System.Object,System.Object,System.Object,System.Object,System.Object,System.Object,System.Object,System.Threading.CancellationToken)">
            <summary>
            Invokes a hub method on the server using the specified method name and arguments.
            Does not wait for a response from the receiver.
            </summary>
            <param name="hubConnection">The hub connection.</param>
            <param name="methodName">The name of the server method to invoke.</param>
            <param name="arg1">The first argument.</param>
            <param name="arg2">The second argument.</param>
            <param name="arg3">The third argument.</param>
            <param name="arg4">The fourth argument.</param>
            <param name="arg5">The fifth argument.</param>
            <param name="arg6">The sixth argument.</param>
            <param name="arg7">The seventh argument.</param>
            <param name="arg8">The eighth argument.</param>
            <param name="arg9">The ninth argument.</param>
            <param name="cancellationToken">The token to monitor for cancellation requests. The default value is <see cref="P:System.Threading.CancellationToken.None" />.</param>
            <returns>A <see cref="T:System.Threading.Tasks.Task`1"/> that represents the asynchronous invoke.</returns>
        </member>
        <member name="M:Microsoft.AspNetCore.SignalR.Client.HubConnectionExtensions.SendAsync(Microsoft.AspNetCore.SignalR.Client.HubConnection,System.String,System.Object,System.Object,System.Object,System.Object,System.Object,System.Object,System.Object,System.Object,System.Object,System.Object,System.Threading.CancellationToken)">
            <summary>
            Invokes a hub method on the server using the specified method name and arguments.
            Does not wait for a response from the receiver.
            </summary>
            <param name="hubConnection">The hub connection.</param>
            <param name="methodName">The name of the server method to invoke.</param>
            <param name="arg1">The first argument.</param>
            <param name="arg2">The second argument.</param>
            <param name="arg3">The third argument.</param>
            <param name="arg4">The fourth argument.</param>
            <param name="arg5">The fifth argument.</param>
            <param name="arg6">The sixth argument.</param>
            <param name="arg7">The seventh argument.</param>
            <param name="arg8">The eighth argument.</param>
            <param name="arg9">The ninth argument.</param>
            <param name="arg10">The tenth argument.</param>
            <param name="cancellationToken">The token to monitor for cancellation requests. The default value is <see cref="P:System.Threading.CancellationToken.None" />.</param>
            <returns>A <see cref="T:System.Threading.Tasks.Task`1"/> that represents the asynchronous invoke.</returns>
        </member>
        <member name="M:Microsoft.AspNetCore.SignalR.Client.HubConnectionExtensions.StreamAsChannelAsync``1(Microsoft.AspNetCore.SignalR.Client.HubConnection,System.String,System.Threading.CancellationToken)">
            <summary>
            Invokes a streaming hub method on the server using the specified method name and return type.
            </summary>
            <typeparam name="TResult">The return type of the streaming server method.</typeparam>
            <param name="hubConnection">The hub connection.</param>
            <param name="methodName">The name of the server method to invoke.</param>
            <param name="cancellationToken">The token to monitor for cancellation requests. The default value is <see cref="P:System.Threading.CancellationToken.None" />.</param>
            <returns>
            A <see cref="T:System.Threading.Tasks.Task`1"/> that represents the asynchronous invoke.
            The <see cref="P:System.Threading.Tasks.Task`1.Result"/> property returns a <see cref="T:System.Threading.Channels.ChannelReader`1"/> for the streamed hub method values.
            </returns>
        </member>
        <member name="M:Microsoft.AspNetCore.SignalR.Client.HubConnectionExtensions.StreamAsChannelAsync``1(Microsoft.AspNetCore.SignalR.Client.HubConnection,System.String,System.Object,System.Threading.CancellationToken)">
            <summary>
            Invokes a streaming hub method on the server using the specified method name, return type and argument.
            </summary>
            <typeparam name="TResult">The return type of the streaming server method.</typeparam>
            <param name="hubConnection">The hub connection.</param>
            <param name="methodName">The name of the server method to invoke.</param>
            <param name="arg1">The first argument.</param>
            <param name="cancellationToken">The token to monitor for cancellation requests. The default value is <see cref="P:System.Threading.CancellationToken.None" />.</param>
            <returns>
            A <see cref="T:System.Threading.Tasks.Task`1"/> that represents the asynchronous invoke.
            The <see cref="P:System.Threading.Tasks.Task`1.Result"/> property returns a <see cref="T:System.Threading.Channels.ChannelReader`1"/> for the streamed hub method values.
            </returns>
        </member>
        <member name="M:Microsoft.AspNetCore.SignalR.Client.HubConnectionExtensions.StreamAsChannelAsync``1(Microsoft.AspNetCore.SignalR.Client.HubConnection,System.String,System.Object,System.Object,System.Threading.CancellationToken)">
            <summary>
            Invokes a streaming hub method on the server using the specified method name, return type and arguments.
            </summary>
            <typeparam name="TResult">The return type of the streaming server method.</typeparam>
            <param name="hubConnection">The hub connection.</param>
            <param name="methodName">The name of the server method to invoke.</param>
            <param name="arg1">The first argument.</param>
            <param name="arg2">The second argument.</param>
            <param name="cancellationToken">The token to monitor for cancellation requests. The default value is <see cref="P:System.Threading.CancellationToken.None" />.</param>
            <returns>
            A <see cref="T:System.Threading.Tasks.Task`1"/> that represents the asynchronous invoke.
            The <see cref="P:System.Threading.Tasks.Task`1.Result"/> property returns a <see cref="T:System.Threading.Channels.ChannelReader`1"/> for the streamed hub method values.
            </returns>
        </member>
        <member name="M:Microsoft.AspNetCore.SignalR.Client.HubConnectionExtensions.StreamAsChannelAsync``1(Microsoft.AspNetCore.SignalR.Client.HubConnection,System.String,System.Object,System.Object,System.Object,System.Threading.CancellationToken)">
            <summary>
            Invokes a streaming hub method on the server using the specified method name, return type and arguments.
            </summary>
            <typeparam name="TResult">The return type of the streaming server method.</typeparam>
            <param name="hubConnection">The hub connection.</param>
            <param name="methodName">The name of the server method to invoke.</param>
            <param name="arg1">The first argument.</param>
            <param name="arg2">The second argument.</param>
            <param name="arg3">The third argument.</param>
            <param name="cancellationToken">The token to monitor for cancellation requests. The default value is <see cref="P:System.Threading.CancellationToken.None" />.</param>
            <returns>
            A <see cref="T:System.Threading.Tasks.Task`1"/> that represents the asynchronous invoke.
            The <see cref="P:System.Threading.Tasks.Task`1.Result"/> property returns a <see cref="T:System.Threading.Channels.ChannelReader`1"/> for the streamed hub method values.
            </returns>
        </member>
        <member name="M:Microsoft.AspNetCore.SignalR.Client.HubConnectionExtensions.StreamAsChannelAsync``1(Microsoft.AspNetCore.SignalR.Client.HubConnection,System.String,System.Object,System.Object,System.Object,System.Object,System.Threading.CancellationToken)">
            <summary>
            Invokes a streaming hub method on the server using the specified method name, return type and arguments.
            </summary>
            <typeparam name="TResult">The return type of the streaming server method.</typeparam>
            <param name="hubConnection">The hub connection.</param>
            <param name="methodName">The name of the server method to invoke.</param>
            <param name="arg1">The first argument.</param>
            <param name="arg2">The second argument.</param>
            <param name="arg3">The third argument.</param>
            <param name="arg4">The fourth argument.</param>
            <param name="cancellationToken">The token to monitor for cancellation requests. The default value is <see cref="P:System.Threading.CancellationToken.None" />.</param>
            <returns>
            A <see cref="T:System.Threading.Tasks.Task`1"/> that represents the asynchronous invoke.
            The <see cref="P:System.Threading.Tasks.Task`1.Result"/> property returns a <see cref="T:System.Threading.Channels.ChannelReader`1"/> for the streamed hub method values.
            </returns>
        </member>
        <member name="M:Microsoft.AspNetCore.SignalR.Client.HubConnectionExtensions.StreamAsChannelAsync``1(Microsoft.AspNetCore.SignalR.Client.HubConnection,System.String,System.Object,System.Object,System.Object,System.Object,System.Object,System.Threading.CancellationToken)">
            <summary>
            Invokes a streaming hub method on the server using the specified method name, return type and arguments.
            </summary>
            <typeparam name="TResult">The return type of the streaming server method.</typeparam>
            <param name="hubConnection">The hub connection.</param>
            <param name="methodName">The name of the server method to invoke.</param>
            <param name="arg1">The first argument.</param>
            <param name="arg2">The second argument.</param>
            <param name="arg3">The third argument.</param>
            <param name="arg4">The fourth argument.</param>
            <param name="arg5">The fifth argument.</param>
            <param name="cancellationToken">The token to monitor for cancellation requests. The default value is <see cref="P:System.Threading.CancellationToken.None" />.</param>
            <returns>
            A <see cref="T:System.Threading.Tasks.Task`1"/> that represents the asynchronous invoke.
            The <see cref="P:System.Threading.Tasks.Task`1.Result"/> property returns a <see cref="T:System.Threading.Channels.ChannelReader`1"/> for the streamed hub method values.
            </returns>
        </member>
        <member name="M:Microsoft.AspNetCore.SignalR.Client.HubConnectionExtensions.StreamAsChannelAsync``1(Microsoft.AspNetCore.SignalR.Client.HubConnection,System.String,System.Object,System.Object,System.Object,System.Object,System.Object,System.Object,System.Threading.CancellationToken)">
            <summary>
            Invokes a streaming hub method on the server using the specified method name, return type and arguments.
            </summary>
            <typeparam name="TResult">The return type of the streaming server method.</typeparam>
            <param name="hubConnection">The hub connection.</param>
            <param name="methodName">The name of the server method to invoke.</param>
            <param name="arg1">The first argument.</param>
            <param name="arg2">The second argument.</param>
            <param name="arg3">The third argument.</param>
            <param name="arg4">The fourth argument.</param>
            <param name="arg5">The fifth argument.</param>
            <param name="arg6">The sixth argument.</param>
            <param name="cancellationToken">The token to monitor for cancellation requests. The default value is <see cref="P:System.Threading.CancellationToken.None" />.</param>
            <returns>
            A <see cref="T:System.Threading.Tasks.Task`1"/> that represents the asynchronous invoke.
            The <see cref="P:System.Threading.Tasks.Task`1.Result"/> property returns a <see cref="T:System.Threading.Channels.ChannelReader`1"/> for the streamed hub method values.
            </returns>
        </member>
        <member name="M:Microsoft.AspNetCore.SignalR.Client.HubConnectionExtensions.StreamAsChannelAsync``1(Microsoft.AspNetCore.SignalR.Client.HubConnection,System.String,System.Object,System.Object,System.Object,System.Object,System.Object,System.Object,System.Object,System.Threading.CancellationToken)">
            <summary>
            Invokes a streaming hub method on the server using the specified method name, return type and arguments.
            </summary>
            <typeparam name="TResult">The return type of the streaming server method.</typeparam>
            <param name="hubConnection">The hub connection.</param>
            <param name="methodName">The name of the server method to invoke.</param>
            <param name="arg1">The first argument.</param>
            <param name="arg2">The second argument.</param>
            <param name="arg3">The third argument.</param>
            <param name="arg4">The fourth argument.</param>
            <param name="arg5">The fifth argument.</param>
            <param name="arg6">The sixth argument.</param>
            <param name="arg7">The seventh argument.</param>
            <param name="cancellationToken">The token to monitor for cancellation requests. The default value is <see cref="P:System.Threading.CancellationToken.None" />.</param>
            <returns>
            A <see cref="T:System.Threading.Tasks.Task`1"/> that represents the asynchronous invoke.
            The <see cref="P:System.Threading.Tasks.Task`1.Result"/> property returns a <see cref="T:System.Threading.Channels.ChannelReader`1"/> for the streamed hub method values.
            </returns>
        </member>
        <member name="M:Microsoft.AspNetCore.SignalR.Client.HubConnectionExtensions.StreamAsChannelAsync``1(Microsoft.AspNetCore.SignalR.Client.HubConnection,System.String,System.Object,System.Object,System.Object,System.Object,System.Object,System.Object,System.Object,System.Object,System.Threading.CancellationToken)">
            <summary>
            Invokes a streaming hub method on the server using the specified method name, return type and arguments.
            </summary>
            <typeparam name="TResult">The return type of the streaming server method.</typeparam>
            <param name="hubConnection">The hub connection.</param>
            <param name="methodName">The name of the server method to invoke.</param>
            <param name="arg1">The first argument.</param>
            <param name="arg2">The second argument.</param>
            <param name="arg3">The third argument.</param>
            <param name="arg4">The fourth argument.</param>
            <param name="arg5">The fifth argument.</param>
            <param name="arg6">The sixth argument.</param>
            <param name="arg7">The seventh argument.</param>
            <param name="arg8">The eighth argument.</param>
            <param name="cancellationToken">The token to monitor for cancellation requests. The default value is <see cref="P:System.Threading.CancellationToken.None" />.</param>
            <returns>
            A <see cref="T:System.Threading.Tasks.Task`1"/> that represents the asynchronous invoke.
            The <see cref="P:System.Threading.Tasks.Task`1.Result"/> property returns a <see cref="T:System.Threading.Channels.ChannelReader`1"/> for the streamed hub method values.
            </returns>
        </member>
        <member name="M:Microsoft.AspNetCore.SignalR.Client.HubConnectionExtensions.StreamAsChannelAsync``1(Microsoft.AspNetCore.SignalR.Client.HubConnection,System.String,System.Object,System.Object,System.Object,System.Object,System.Object,System.Object,System.Object,System.Object,System.Object,System.Threading.CancellationToken)">
            <summary>
            Invokes a streaming hub method on the server using the specified method name, return type and arguments.
            </summary>
            <typeparam name="TResult">The return type of the streaming server method.</typeparam>
            <param name="hubConnection">The hub connection.</param>
            <param name="methodName">The name of the server method to invoke.</param>
            <param name="arg1">The first argument.</param>
            <param name="arg2">The second argument.</param>
            <param name="arg3">The third argument.</param>
            <param name="arg4">The fourth argument.</param>
            <param name="arg5">The fifth argument.</param>
            <param name="arg6">The sixth argument.</param>
            <param name="arg7">The seventh argument.</param>
            <param name="arg8">The eighth argument.</param>
            <param name="arg9">The ninth argument.</param>
            <param name="cancellationToken">The token to monitor for cancellation requests. The default value is <see cref="P:System.Threading.CancellationToken.None" />.</param>
            <returns>
            A <see cref="T:System.Threading.Tasks.Task`1"/> that represents the asynchronous invoke.
            The <see cref="P:System.Threading.Tasks.Task`1.Result"/> property returns a <see cref="T:System.Threading.Channels.ChannelReader`1"/> for the streamed hub method values.
            </returns>
        </member>
        <member name="M:Microsoft.AspNetCore.SignalR.Client.HubConnectionExtensions.StreamAsChannelAsync``1(Microsoft.AspNetCore.SignalR.Client.HubConnection,System.String,System.Object,System.Object,System.Object,System.Object,System.Object,System.Object,System.Object,System.Object,System.Object,System.Object,System.Threading.CancellationToken)">
            <summary>
            Invokes a streaming hub method on the server using the specified method name, return type and arguments.
            </summary>
            <typeparam name="TResult">The return type of the streaming server method.</typeparam>
            <param name="hubConnection">The hub connection.</param>
            <param name="methodName">The name of the server method to invoke.</param>
            <param name="arg1">The first argument.</param>
            <param name="arg2">The second argument.</param>
            <param name="arg3">The third argument.</param>
            <param name="arg4">The fourth argument.</param>
            <param name="arg5">The fifth argument.</param>
            <param name="arg6">The sixth argument.</param>
            <param name="arg7">The seventh argument.</param>
            <param name="arg8">The eighth argument.</param>
            <param name="arg9">The ninth argument.</param>
            <param name="arg10">The tenth argument.</param>
            <param name="cancellationToken">The token to monitor for cancellation requests. The default value is <see cref="P:System.Threading.CancellationToken.None" />.</param>
            <returns>
            A <see cref="T:System.Threading.Tasks.Task`1"/> that represents the asynchronous invoke.
            The <see cref="P:System.Threading.Tasks.Task`1.Result"/> property returns a <see cref="T:System.Threading.Channels.ChannelReader`1"/> for the streamed hub method values.
            </returns>
        </member>
        <member name="M:Microsoft.AspNetCore.SignalR.Client.HubConnectionExtensions.StreamAsChannelCoreAsync``1(Microsoft.AspNetCore.SignalR.Client.HubConnection,System.String,System.Object[],System.Threading.CancellationToken)">
            <summary>
            Invokes a streaming hub method on the server using the specified method name, return type and arguments.
            </summary>
            <typeparam name="TResult">The return type of the streaming server method.</typeparam>
            <param name="hubConnection">The hub connection.</param>
            <param name="methodName">The name of the server method to invoke.</param>
            <param name="args">The arguments used to invoke the server method.</param>
            <param name="cancellationToken">The token to monitor for cancellation requests. The default value is <see cref="P:System.Threading.CancellationToken.None" />.</param>
            <returns>
            A <see cref="T:System.Threading.Tasks.Task`1"/> that represents the asynchronous invoke.
            The <see cref="P:System.Threading.Tasks.Task`1.Result"/> property returns a <see cref="T:System.Threading.Channels.ChannelReader`1"/> for the streamed hub method values.
            </returns>
        </member>
        <member name="T:Microsoft.AspNetCore.SignalR.Client.HubConnectionState">
            <summary>
            Describes the current state of the <see cref="T:Microsoft.AspNetCore.SignalR.Client.HubConnection"/> to the server.
            </summary>
        </member>
        <member name="F:Microsoft.AspNetCore.SignalR.Client.HubConnectionState.Disconnected">
            <summary>
            The hub connection is disconnected.
            </summary>
        </member>
        <member name="F:Microsoft.AspNetCore.SignalR.Client.HubConnectionState.Connected">
            <summary>
            The hub connection is connected.
            </summary>
        </member>
        <member name="T:Microsoft.AspNetCore.SignalR.Client.IConnectionFactory">
            <summary>
            A factory abstraction for creating connections to a SignalR server.
            </summary>
        </member>
        <member name="M:Microsoft.AspNetCore.SignalR.Client.IConnectionFactory.ConnectAsync(Microsoft.AspNetCore.Connections.TransferFormat,System.Threading.CancellationToken)">
            <summary>
            Creates a new connection to a SignalR server using the specified <see cref="T:Microsoft.AspNetCore.Connections.TransferFormat"/>.
            </summary>
            <param name="transferFormat">The transfer format the connection should use.</param>
            <param name="cancellationToken">The token to monitor for cancellation requests. The default value is <see cref="P:System.Threading.CancellationToken.None" />.</param>
            <returns>
            A <see cref="T:System.Threading.Tasks.Task`1"/> that represents the asynchronous connect.
            The <see cref="P:System.Threading.Tasks.Task`1.Result"/> property returns a <see cref="T:Microsoft.AspNetCore.Connections.ConnectionContext"/> for the new connection.
            </returns>
        </member>
        <member name="M:Microsoft.AspNetCore.SignalR.Client.IConnectionFactory.DisposeAsync(Microsoft.AspNetCore.Connections.ConnectionContext)">
            <summary>
            Disposes the specified <see cref="T:Microsoft.AspNetCore.Connections.ConnectionContext"/>.
            </summary>
            <param name="connection">The connection to dispose.</param>
            <returns>A <see cref="T:System.Threading.Tasks.Task"/> that represents the asynchronous dispose.</returns>
        </member>
        <member name="T:Microsoft.AspNetCore.SignalR.Client.IHubConnectionBuilder">
            <summary>
            A builder abstraction for configuring <see cref="T:Microsoft.AspNetCore.SignalR.Client.HubConnection"/> instances.
            </summary>
        </member>
        <member name="M:Microsoft.AspNetCore.SignalR.Client.IHubConnectionBuilder.Build">
            <summary>
            Creates a <see cref="T:Microsoft.AspNetCore.SignalR.Client.HubConnection"/>.
            </summary>
            <returns>
            A <see cref="T:Microsoft.AspNetCore.SignalR.Client.HubConnection"/> built using the configured options.
            </returns>
        </member>
        <member name="M:System.Threading.Tasks.ForceAsyncTaskExtensions.ForceAsync(System.Threading.Tasks.Task)">
            <summary>
            Returns an awaitable/awaiter that will ensure the continuation is executed
            asynchronously on the thread pool, even if the task is already completed
            by the time the await occurs.  Effectively, it is equivalent to awaiting
            with ConfigureAwait(false) and then queuing the continuation with Task.Run,
            but it avoids the extra hop if the continuation already executed asynchronously.
            </summary>
        </member>
    </members>
</doc>
