<?xml version="1.0"?>
<doc>
    <assembly>
        <name>Microsoft.AspNetCore.SignalR.Common</name>
    </assembly>
    <members>
        <member name="T:Microsoft.AspNetCore.SignalR.HubException">
            <summary>
            The exception thrown from a hub when an error occurs.
            </summary>
        </member>
        <member name="M:Microsoft.AspNetCore.SignalR.HubException.#ctor">
            <summary>
            Initializes a new instance of the <see cref="T:Microsoft.AspNetCore.SignalR.HubException"/> class.
            </summary>
        </member>
        <member name="M:Microsoft.AspNetCore.SignalR.HubException.#ctor(System.String)">
            <summary>
            Initializes a new instance of the <see cref="T:Microsoft.AspNetCore.SignalR.HubException"/> class
            with a specified error message.
            </summary>
            <param name="message">The error message that explains the reason for the exception.</param>
        </member>
        <member name="M:Microsoft.AspNetCore.SignalR.HubException.#ctor(System.String,System.Exception)">
            <summary>
            Initializes a new instance of the <see cref="T:Microsoft.AspNetCore.SignalR.HubException"/> class
            with a specified error message and a reference to the inner exception that is the cause of this exception.
            </summary>
            <param name="message">The error message that explains the reason for the exception.</param>
            <param name="innerException">The exception that is the cause of the current exception, or <c>null</c> if no inner exception is specified.</param>
        </member>
        <member name="M:Microsoft.AspNetCore.SignalR.HubException.#ctor(System.Runtime.Serialization.SerializationInfo,System.Runtime.Serialization.StreamingContext)">
            <summary>
            Initializes a new instance of the <see cref="T:Microsoft.AspNetCore.SignalR.HubException"/> class.
            </summary>
            <param name="info">The <see cref="T:System.Runtime.Serialization.SerializationInfo"/> that holds the serialized object data about the exception being thrown.</param>
            <param name="context">The <see cref="T:System.Runtime.Serialization.StreamingContext"/> that contains contextual information about the source or destination.</param>
            <exception cref="T:System.ArgumentNullException">The <paramref name="info"/> parameter is <c>null</c>.</exception>
            <exception cref="T:System.Runtime.Serialization.SerializationException">The class name is <c>null</c> or <see cref="P:System.Exception.HResult"/> is zero (0).</exception>
        </member>
        <member name="T:Microsoft.AspNetCore.SignalR.ISignalRBuilder">
            <summary>
            A builder abstraction for configuring SignalR object instances.
            </summary>
        </member>
        <member name="P:Microsoft.AspNetCore.SignalR.ISignalRBuilder.Services">
            <summary>
            Gets the builder service collection.
            </summary>
        </member>
        <member name="T:Microsoft.AspNetCore.SignalR.Protocol.CloseMessage">
            <summary>
            The message sent when closing a connection.
            </summary>
        </member>
        <member name="F:Microsoft.AspNetCore.SignalR.Protocol.CloseMessage.Empty">
            <summary>
            An empty close message with no error.
            </summary>
        </member>
        <member name="P:Microsoft.AspNetCore.SignalR.Protocol.CloseMessage.Error">
            <summary>
            Gets the optional error message.
            </summary>
        </member>
        <member name="M:Microsoft.AspNetCore.SignalR.Protocol.CloseMessage.#ctor(System.String)">
            <summary>
            Initializes a new instance of the <see cref="T:Microsoft.AspNetCore.SignalR.Protocol.CloseMessage"/> class with an optional error message.
            </summary>
            <param name="error">An optional error message.</param>
        </member>
        <member name="T:Microsoft.AspNetCore.SignalR.Protocol.HandshakeProtocol">
            <summary>
            A helper class for working with SignalR handshakes.
            </summary>
        </member>
        <member name="F:Microsoft.AspNetCore.SignalR.Protocol.HandshakeProtocol.SuccessHandshakeData">
            <summary>
            The serialized representation of a success handshake.
            </summary>
        </member>
        <member name="M:Microsoft.AspNetCore.SignalR.Protocol.HandshakeProtocol.WriteRequestMessage(Microsoft.AspNetCore.SignalR.Protocol.HandshakeRequestMessage,System.Buffers.IBufferWriter{System.Byte})">
            <summary>
            Writes the serialized representation of a <see cref="T:Microsoft.AspNetCore.SignalR.Protocol.HandshakeRequestMessage"/> to the specified writer.
            </summary>
            <param name="requestMessage">The message to write.</param>
            <param name="output">The output writer.</param>
        </member>
        <member name="M:Microsoft.AspNetCore.SignalR.Protocol.HandshakeProtocol.WriteResponseMessage(Microsoft.AspNetCore.SignalR.Protocol.HandshakeResponseMessage,System.Buffers.IBufferWriter{System.Byte})">
            <summary>
            Writes the serialized representation of a <see cref="T:Microsoft.AspNetCore.SignalR.Protocol.HandshakeResponseMessage"/> to the specified writer.
            </summary>
            <param name="responseMessage">The message to write.</param>
            <param name="output">The output writer.</param>
        </member>
        <member name="M:Microsoft.AspNetCore.SignalR.Protocol.HandshakeProtocol.TryParseResponseMessage(System.Buffers.ReadOnlySequence{System.Byte}@,Microsoft.AspNetCore.SignalR.Protocol.HandshakeResponseMessage@)">
            <summary>
            Creates a new <see cref="T:Microsoft.AspNetCore.SignalR.Protocol.HandshakeResponseMessage"/> from the specified serialized representation.
            </summary>
            <param name="buffer">The serialized representation of the message.</param>
            <param name="responseMessage">When this method returns, contains the parsed message.</param>
            <returns>A value that is <c>true</c> if the <see cref="T:Microsoft.AspNetCore.SignalR.Protocol.HandshakeResponseMessage"/> was successfully parsed; otherwise, <c>false</c>.</returns>
        </member>
        <member name="M:Microsoft.AspNetCore.SignalR.Protocol.HandshakeProtocol.TryParseRequestMessage(System.Buffers.ReadOnlySequence{System.Byte}@,Microsoft.AspNetCore.SignalR.Protocol.HandshakeRequestMessage@)">
            <summary>
            Creates a new <see cref="T:Microsoft.AspNetCore.SignalR.Protocol.HandshakeRequestMessage"/> from the specified serialized representation.
            </summary>
            <param name="buffer">The serialized representation of the message.</param>
            <param name="requestMessage">When this method returns, contains the parsed message.</param>
            <returns>A value that is <c>true</c> if the <see cref="T:Microsoft.AspNetCore.SignalR.Protocol.HandshakeRequestMessage"/> was successfully parsed; otherwise, <c>false</c>.</returns>
        </member>
        <member name="T:Microsoft.AspNetCore.SignalR.Protocol.HandshakeRequestMessage">
            <summary>
            A handshake request message.
            </summary>
        </member>
        <member name="M:Microsoft.AspNetCore.SignalR.Protocol.HandshakeRequestMessage.#ctor(System.String,System.Int32)">
            <summary>
            Initializes a new instance of the <see cref="T:Microsoft.AspNetCore.SignalR.Protocol.HandshakeRequestMessage"/> class.
            </summary>
            <param name="protocol">The requested protocol name.</param>
            <param name="version">The requested protocol version.</param>
        </member>
        <member name="P:Microsoft.AspNetCore.SignalR.Protocol.HandshakeRequestMessage.Protocol">
            <summary>
            Gets the requested protocol name.
            </summary>
        </member>
        <member name="P:Microsoft.AspNetCore.SignalR.Protocol.HandshakeRequestMessage.Version">
            <summary>
            Gets the requested protocol version.
            </summary>
        </member>
        <member name="T:Microsoft.AspNetCore.SignalR.Protocol.HandshakeResponseMessage">
            <summary>
            A handshake response message.
            </summary>
        </member>
        <member name="F:Microsoft.AspNetCore.SignalR.Protocol.HandshakeResponseMessage.Empty">
            <summary>
            An empty response message with no error.
            </summary>
        </member>
        <member name="P:Microsoft.AspNetCore.SignalR.Protocol.HandshakeResponseMessage.Error">
            <summary>
            Gets the optional error message.
            </summary>
        </member>
        <member name="M:Microsoft.AspNetCore.SignalR.Protocol.HandshakeResponseMessage.#ctor(System.String)">
            <summary>
            Initializes a new instance of the <see cref="T:Microsoft.AspNetCore.SignalR.Protocol.HandshakeResponseMessage"/> class.
            </summary>
            <param name="error">An optional response error message. A <c>null</c> error message indicates a successful handshake.</param>
        </member>
        <member name="T:Microsoft.AspNetCore.SignalR.Protocol.HubInvocationMessage">
            <summary>
            A base class for hub messages related to a specific invocation.
            </summary>
        </member>
        <member name="P:Microsoft.AspNetCore.SignalR.Protocol.HubInvocationMessage.Headers">
            <summary>
            Gets or sets a name/value collection of headers.
            </summary>
        </member>
        <member name="P:Microsoft.AspNetCore.SignalR.Protocol.HubInvocationMessage.InvocationId">
            <summary>
            Gets the invocation ID.
            </summary>
        </member>
        <member name="M:Microsoft.AspNetCore.SignalR.Protocol.HubInvocationMessage.#ctor(System.String)">
            <summary>
            Initializes a new instance of the <see cref="T:Microsoft.AspNetCore.SignalR.Protocol.HubInvocationMessage"/> class.
            </summary>
            <param name="invocationId">The invocation ID.</param>
        </member>
        <member name="T:Microsoft.AspNetCore.SignalR.Protocol.HubMessage">
            <summary>
            A base class for hub messages.
            </summary>
        </member>
        <member name="T:Microsoft.AspNetCore.SignalR.Protocol.HubMethodInvocationMessage">
            <summary>
            A base class for hub messages representing an invocation.
            </summary>
        </member>
        <member name="P:Microsoft.AspNetCore.SignalR.Protocol.HubMethodInvocationMessage.Target">
            <summary>
            Gets the target method name.
            </summary>
        </member>
        <member name="P:Microsoft.AspNetCore.SignalR.Protocol.HubMethodInvocationMessage.Arguments">
            <summary>
            Gets the target method arguments.
            </summary>
        </member>
        <member name="M:Microsoft.AspNetCore.SignalR.Protocol.HubMethodInvocationMessage.#ctor(System.String,System.String,System.Object[])">
            <summary>
            Initializes a new instance of the <see cref="T:Microsoft.AspNetCore.SignalR.Protocol.HubMethodInvocationMessage"/> class.
            </summary>
            <param name="invocationId">The invocation ID.</param>
            <param name="target">The target method name.</param>
            <param name="arguments">The target method arguments.</param>
        </member>
        <member name="T:Microsoft.AspNetCore.SignalR.Protocol.InvocationMessage">
            <summary>
            A hub message representing a non-streaming invocation.
            </summary>
        </member>
        <member name="M:Microsoft.AspNetCore.SignalR.Protocol.InvocationMessage.#ctor(System.String,System.Object[])">
            <summary>
            Initializes a new instance of the <see cref="T:Microsoft.AspNetCore.SignalR.Protocol.InvocationMessage"/> class.
            </summary>
            <param name="target">The target method name.</param>
            <param name="arguments">The target method arguments.</param>
        </member>
        <member name="M:Microsoft.AspNetCore.SignalR.Protocol.InvocationMessage.#ctor(System.String,System.String,System.Object[])">
            <summary>
            Initializes a new instance of the <see cref="T:Microsoft.AspNetCore.SignalR.Protocol.InvocationMessage"/> class.
            </summary>
            <param name="invocationId">The invocation ID.</param>
            <param name="target">The target method name.</param>
            <param name="arguments">The target method arguments.</param>
        </member>
        <member name="M:Microsoft.AspNetCore.SignalR.Protocol.InvocationMessage.ToString">
            <inheritdoc />
        </member>
        <member name="T:Microsoft.AspNetCore.SignalR.Protocol.StreamInvocationMessage">
            <summary>
            A hub message representing a streaming invocation.
            </summary>
        </member>
        <member name="M:Microsoft.AspNetCore.SignalR.Protocol.StreamInvocationMessage.#ctor(System.String,System.String,System.Object[])">
            <summary>
            Initializes a new instance of the <see cref="T:Microsoft.AspNetCore.SignalR.Protocol.StreamInvocationMessage"/> class.
            </summary>
            <param name="invocationId">The invocation ID.</param>
            <param name="target">The target method name.</param>
            <param name="arguments">The target method arguments.</param>
        </member>
        <member name="M:Microsoft.AspNetCore.SignalR.Protocol.StreamInvocationMessage.ToString">
            <inheritdoc />
        </member>
        <member name="T:Microsoft.AspNetCore.SignalR.Protocol.HubProtocolConstants">
            <summary>
            Constants related to the SignalR hub protocol.
            </summary>
        </member>
        <member name="F:Microsoft.AspNetCore.SignalR.Protocol.HubProtocolConstants.InvocationMessageType">
            <summary>
            Represents the invocation message type.
            </summary>
        </member>
        <member name="F:Microsoft.AspNetCore.SignalR.Protocol.HubProtocolConstants.StreamItemMessageType">
            <summary>
            Represents the stream item message type.
            </summary>
        </member>
        <member name="F:Microsoft.AspNetCore.SignalR.Protocol.HubProtocolConstants.CompletionMessageType">
            <summary>
            Represents the completion message type.
            </summary>
        </member>
        <member name="F:Microsoft.AspNetCore.SignalR.Protocol.HubProtocolConstants.StreamInvocationMessageType">
            <summary>
            Represents the stream invocation message type.
            </summary>
        </member>
        <member name="F:Microsoft.AspNetCore.SignalR.Protocol.HubProtocolConstants.CancelInvocationMessageType">
            <summary>
            Represents the cancel invocation message type.
            </summary>
        </member>
        <member name="F:Microsoft.AspNetCore.SignalR.Protocol.HubProtocolConstants.PingMessageType">
            <summary>
            Represents the ping message type.
            </summary>
        </member>
        <member name="F:Microsoft.AspNetCore.SignalR.Protocol.HubProtocolConstants.CloseMessageType">
            <summary>
            Represents the close message type.
            </summary>
        </member>
        <member name="T:Microsoft.AspNetCore.SignalR.Protocol.HubProtocolExtensions">
            <summary>
            Extension methods for <see cref="T:Microsoft.AspNetCore.SignalR.Protocol.IHubProtocol"/>.
            </summary>
        </member>
        <member name="M:Microsoft.AspNetCore.SignalR.Protocol.HubProtocolExtensions.GetMessageBytes(Microsoft.AspNetCore.SignalR.Protocol.IHubProtocol,Microsoft.AspNetCore.SignalR.Protocol.HubMessage)">
            <summary>
            Converts the specified <see cref="T:Microsoft.AspNetCore.SignalR.Protocol.HubMessage"/> to its serialized representation.
            </summary>
            <param name="hubProtocol">The hub protocol.</param>
            <param name="message">The message to convert to bytes.</param>
            <returns>The serialized representation of the specified message.</returns>
        </member>
        <member name="T:Microsoft.AspNetCore.SignalR.Protocol.IHubProtocol">
            <summary>
            A protocol abstraction for communicating with SignalR hubs.
            </summary>
        </member>
        <member name="P:Microsoft.AspNetCore.SignalR.Protocol.IHubProtocol.Name">
            <summary>
            Gets the name of the protocol. The name is used by SignalR to resolve the protocol between the client and server.
            </summary>
        </member>
        <member name="P:Microsoft.AspNetCore.SignalR.Protocol.IHubProtocol.Version">
            <summary>
            Gets the version of the protocol.
            </summary>
        </member>
        <member name="P:Microsoft.AspNetCore.SignalR.Protocol.IHubProtocol.TransferFormat">
            <summary>
            Gets the transfer format of the protocol.
            </summary>
        </member>
        <member name="M:Microsoft.AspNetCore.SignalR.Protocol.IHubProtocol.TryParseMessage(System.Buffers.ReadOnlySequence{System.Byte}@,Microsoft.AspNetCore.SignalR.IInvocationBinder,Microsoft.AspNetCore.SignalR.Protocol.HubMessage@)">
            <summary>
            Creates a new <see cref="T:Microsoft.AspNetCore.SignalR.Protocol.HubMessage"/> from the specified serialized representation, and using the specified binder.
            </summary>
            <param name="input">The serialized representation of the message.</param>
            <param name="binder">The binder used to parse the message.</param>
            <param name="message">When this method returns <c>true</c>, contains the parsed message.</param>
            <returns>A value that is <c>true</c> if the <see cref="T:Microsoft.AspNetCore.SignalR.Protocol.HubMessage"/> was successfully parsed; otherwise, <c>false</c>.</returns>
        </member>
        <member name="M:Microsoft.AspNetCore.SignalR.Protocol.IHubProtocol.WriteMessage(Microsoft.AspNetCore.SignalR.Protocol.HubMessage,System.Buffers.IBufferWriter{System.Byte})">
            <summary>
            Writes the specified <see cref="T:Microsoft.AspNetCore.SignalR.Protocol.HubMessage"/> to a writer.
            </summary>
            <param name="message">The message to write.</param>
            <param name="output">The output writer.</param>
        </member>
        <member name="M:Microsoft.AspNetCore.SignalR.Protocol.IHubProtocol.GetMessageBytes(Microsoft.AspNetCore.SignalR.Protocol.HubMessage)">
            <summary>
            Converts the specified <see cref="T:Microsoft.AspNetCore.SignalR.Protocol.HubMessage"/> to its serialized representation.
            </summary>
            <param name="message">The message to convert.</param>
            <returns>The serialized representation of the message.</returns>
        </member>
        <member name="M:Microsoft.AspNetCore.SignalR.Protocol.IHubProtocol.IsVersionSupported(System.Int32)">
            <summary>
            Gets a value indicating whether the protocol supports the specified version.
            </summary>
            <param name="version">The version.</param>
            <returns>A value indicating whether the protocol supports the specified version.</returns>
        </member>
        <member name="T:Microsoft.AspNetCore.SignalR.Protocol.InvocationBindingFailureMessage">
            <summary>
            Represents a failure to bind arguments for an invocation. This does not represent an actual
            message that is sent on the wire, it is returned by <see cref="M:Microsoft.AspNetCore.SignalR.Protocol.IHubProtocol.TryParseMessage(System.Buffers.ReadOnlySequence{System.Byte}@,Microsoft.AspNetCore.SignalR.IInvocationBinder,Microsoft.AspNetCore.SignalR.Protocol.HubMessage@)"/>
            to indicate that a binding failure occurred when parsing an invocation. The invocation ID is associated
            so that the error can be sent back to the client, associated with the appropriate invocation ID.
            </summary>
        </member>
        <member name="P:Microsoft.AspNetCore.SignalR.Protocol.InvocationBindingFailureMessage.BindingFailure">
            <summary>
            Gets the exception thrown during binding.
            </summary>
        </member>
        <member name="P:Microsoft.AspNetCore.SignalR.Protocol.InvocationBindingFailureMessage.Target">
            <summary>
            Gets the target method name.
            </summary>
        </member>
        <member name="M:Microsoft.AspNetCore.SignalR.Protocol.InvocationBindingFailureMessage.#ctor(System.String,System.String,System.Runtime.ExceptionServices.ExceptionDispatchInfo)">
            <summary>
            Initializes a new instance of the <see cref="T:Microsoft.AspNetCore.SignalR.Protocol.InvocationBindingFailureMessage"/> class.
            </summary>
            <param name="invocationId">The invocation ID.</param>
            <param name="target">The target method name.</param>
            <param name="bindingFailure">The exception thrown during binding.</param>
        </member>
        <member name="T:Microsoft.AspNetCore.Internal.MemoryBufferWriter.CompletedBuffer">
            <summary>
            Holds a byte[] from the pool and a size value. Basically a Memory but guaranteed to be backed by an ArrayPool byte[], so that we know we can return it.
            </summary>
        </member>
    </members>
</doc>
